,time,frequency,confidence
0,0.0,547.1255182978961,0.14131773
1,0.01,547.1255182978961,0.14131773
2,0.02,547.1255182978961,0.14131773
3,0.03,551.6789893858704,0.2625661
4,0.04,1038.6821350699884,0.012468781
5,0.05,1036.0022110728787,0.01686587
6,0.06,32.4101544533815,0.0717643
7,0.07,586.3317426833204,0.058052696
8,0.08,596.2561994559694,0.09091674
9,0.09,79.91722843112873,0.09139327
10,0.1,80.14716015327876,0.11270983
11,0.11,32.737739644355564,0.064661995
12,0.12,32.25893289897479,0.34990862
13,0.13,199.7119428783424,0.21247411
14,0.14,222.22060540768888,0.5845518
15,0.15,228.71609664400944,0.36039707
16,0.16,228.68723694579091,0.35937172
17,0.17,239.06587689889957,0.44535562
18,0.18,251.79583079656862,0.4320416
19,0.19,261.53026093616717,0.46713457
20,0.2,277.17117461068324,0.4273872
21,0.21,294.79342757987513,0.5586214
22,0.22,302.6461344227693,0.8053531
23,0.23,311.46459144989075,0.85874975
24,0.24,315.15027253644,0.9100598
25,0.25,316.97226499883755,0.82089514
26,0.26,317.7560292067895,0.6508606
27,0.27,317.9679894226081,0.44971824
28,0.28,324.79534750583497,0.5455539
29,0.29,328.0621864680778,0.3695126
30,0.3,1960.769413538135,0.20683534
31,0.31,1973.039526823425,0.081542686
32,0.32,1971.7286076856612,0.034162473
33,0.33,1959.963955426345,0.029273799
34,0.34,1952.3363616633333,0.054846786
35,0.35,1945.5820993533762,0.07764064
36,0.36,1948.7262392436342,0.092416435
37,0.37,1945.3842458431232,0.06205442
38,0.38,982.9820620941638,0.02971879
39,0.39,986.7288568549059,0.015711103
40,0.4,1046.4159701716007,0.014462363
41,0.41,972.7090382502493,0.028008567
42,0.42,1048.0241957741782,0.02167587
43,0.43,659.0992490433986,0.07053677
44,0.44,580.3235022302499,0.066575915
45,0.45,583.2200010806994,0.05265793
46,0.46,1165.3408751335462,0.03931663
47,0.47,283.9279343403776,0.035823274
48,0.48,284.88441360911384,0.026192117
49,0.49,273.7596250853763,0.063277334
50,0.5,243.40009155633024,0.43092948
51,0.51,239.76359757030255,0.5885803
52,0.52,235.1276034857111,0.6136185
53,0.53,231.62340277109448,0.6736438
54,0.54,228.43144582601025,0.7686717
55,0.55,221.79010581490274,0.66990954
56,0.56,213.4308268495627,0.70407003
57,0.57,204.8311323023969,0.7334047
58,0.58,195.40242253593274,0.7443336
59,0.59,189.00490938226682,0.81383514
60,0.6,184.38330308632345,0.88627905
61,0.61,178.85680770646138,0.8179251
62,0.62,174.63177452100444,0.9091601
63,0.63,171.17024045340514,0.8929878
64,0.64,167.45921473004216,0.9012593
65,0.65,164.68377403382186,0.87358063
66,0.66,161.02762493246132,0.80878085
67,0.67,158.6955758143331,0.905311
68,0.68,158.48867998714329,0.924113
69,0.69,158.42601305783444,0.91069907
70,0.7,157.4504667671189,0.87017685
71,0.71,155.44368975195385,0.8152073
72,0.72,152.40930340169572,0.63001984
73,0.73,146.89130942940292,0.6310619
74,0.74,145.11590341987895,0.47500506
75,0.75,277.3896543498879,0.26500365
76,0.76,281.9041264778568,0.1537082
77,0.77,289.2975632412971,0.29731974
78,0.78,291.3875715730337,0.31107748
79,0.79,291.5314061734665,0.3040208
80,0.8,282.3931764410777,0.22491732
81,0.81,275.17870374833177,0.07441431
82,0.82,1975.5090513192056,0.0437903
83,0.83,1966.2290892138221,0.07008802
84,0.84,989.393283850289,0.1351924
85,0.85,1971.742094210332,0.15572152
86,0.86,1177.9678100881463,0.118407495
87,0.87,266.2727736693011,0.24188532
88,0.88,225.18969300600162,0.46178684
89,0.89,211.33642167529547,0.47941312
90,0.9,203.15097142703166,0.57048506
91,0.91,199.71113326829797,0.6011319
92,0.92,195.43502906475936,0.49798116
93,0.93,189.66598133422542,0.6127432
94,0.94,183.3871172289982,0.6722129
95,0.95,170.15320354440573,0.5409599
96,0.96,165.28051347353357,0.7028291
97,0.97,158.36807935212272,0.7842262
98,0.98,154.87311108969914,0.8954568
99,0.99,151.8437319434136,0.828626
100,1.0,148.1159760523071,0.792881
101,1.01,144.65478045828146,0.80275136
102,1.02,140.66764463956036,0.83633184
103,1.03,138.43745047515205,0.9008607
104,1.04,137.8207673204149,0.8902984
105,1.05,137.0009532827093,0.87406975
106,1.06,135.74775466809314,0.8456442
107,1.07,132.5512494174012,0.77666706
108,1.08,130.58369368304662,0.8773145
109,1.09,130.53579670229882,0.90608424
110,1.1,131.2445823450665,0.90273225
111,1.11,131.42662011539875,0.68088394
112,1.12,133.48932250525206,0.16340734
113,1.13,143.7527882597602,0.04483556
114,1.14,33.253460669322614,0.034003265
115,1.15,33.05775385699669,0.21364705
116,1.16,33.49266100678007,0.057483356
117,1.17,33.508155436489446,0.10252144
118,1.18,32.560357946066965,0.17165008
119,1.19,32.29273515404809,0.03679606
120,1.2,662.7208469922516,0.05163845
121,1.21,640.0253304116312,0.00936492
122,1.22,159.7041289470643,0.03374626
123,1.23,266.07839013612045,0.1691187
124,1.24,118.60763660762314,0.39610067
125,1.25,116.82879903486862,0.18185596
126,1.26,167.51838317256897,0.3605954
127,1.27,175.0647888792492,0.46430275
128,1.28,184.1768877388192,0.42223224
129,1.29,202.93446041477375,0.2801489
130,1.3,207.534729167422,0.67490053
131,1.31,208.86965148680034,0.9021437
132,1.32,209.6911884262826,0.94036794
133,1.33,209.33914529594603,0.90325135
134,1.34,207.56656335548598,0.8957179
135,1.35,205.4180925234887,0.90039206
136,1.36,202.72826068328268,0.74467
137,1.37,195.34089422245745,0.35976714
138,1.38,186.19678402624046,0.7737582
139,1.39,181.6575229839999,0.75655663
140,1.4,173.80803292443056,0.7937072
141,1.41,168.84740069334472,0.80564773
142,1.42,164.95186613758094,0.8965634
143,1.43,163.21750372300744,0.9309064
144,1.44,161.521254339098,0.9030279
145,1.45,159.81700071382238,0.8075786
146,1.46,157.22013224013074,0.739057
147,1.47,154.33973762637441,0.5298425
148,1.48,151.29369376344152,0.4056665
149,1.49,134.70892423329934,0.1702081
150,1.5,108.61018563445249,0.08850835
151,1.51,32.6440453748041,0.04579417
152,1.52,1152.7925043039736,0.04961989
153,1.53,344.61280941600995,0.04392416
154,1.54,341.23276344046394,0.17132878
155,1.55,330.05626067191383,0.1730008
156,1.56,983.3545587480722,0.25941485
157,1.57,200.400995698575,0.31337634
158,1.58,203.04354303612544,0.5520165
159,1.59,203.54564185393593,0.6619086
160,1.6,205.64415003854532,0.78432
161,1.61,208.0473317724196,0.87963444
162,1.62,210.19008819122095,0.92394173
163,1.63,210.9795303795917,0.9558102
164,1.64,210.3410136576369,0.9408179
165,1.65,207.01160408414967,0.8739619
166,1.66,202.79372390747415,0.8239172
167,1.67,198.40576302194208,0.8419181
168,1.68,195.33862008442966,0.8992482
169,1.69,193.0616571074301,0.8123033
170,1.7,190.50111977099408,0.5732627
171,1.71,187.98631841760115,0.36297667
172,1.72,201.41720632447976,0.14438927
173,1.73,666.0422290788606,0.084386915
174,1.74,973.1528805801329,0.10393031
175,1.75,530.8486319474888,0.013641211
176,1.76,33.933094516124505,0.026037127
177,1.77,267.53760244386535,0.068612196
178,1.78,224.5552354045784,0.40748313
179,1.79,217.57841454969343,0.48704758
180,1.8,208.61401846874796,0.5136815
181,1.81,203.50501322659485,0.5766245
182,1.82,199.923588795768,0.5131462
183,1.83,192.61048720390718,0.73745924
184,1.84,187.92984378727286,0.88594484
185,1.85,184.8656650955137,0.9050438
186,1.86,181.91735039377102,0.9227368
187,1.87,178.75850334968197,0.8928877
188,1.88,174.81471828317632,0.86905754
189,1.89,170.1948141248803,0.82752585
190,1.9,165.97830914939118,0.8695319
191,1.91,162.67074569489358,0.8470487
192,1.92,159.11154439454268,0.83518445
193,1.93,156.34395315299267,0.82666355
194,1.94,154.741437613748,0.57146716
195,1.95,147.34242277030665,0.4357195
196,1.96,147.33710754105098,0.23093584
197,1.97,134.84502173314894,0.09928107
198,1.98,161.6109593512362,0.23780407
199,1.99,161.4560420934781,0.6491666
200,2.0,160.57364862628805,0.84035707
201,2.01,158.45697303138277,0.8933857
202,2.02,156.44266267874607,0.94098014
203,2.03,154.807628598196,0.9304544
204,2.04,151.20277922200754,0.86408
205,2.05,147.93960123218233,0.9237944
206,2.06,146.24909687505718,0.90537536
207,2.07,144.7757650773954,0.84908134
208,2.08,143.34544847697313,0.6637671
209,2.09,139.64697408390498,0.053693105
210,2.1,32.33028863968904,0.09407979
211,2.11,32.93332662306143,0.24238555
212,2.12,33.154723748416906,0.15462613
213,2.13,32.57345632111136,0.06441703
214,2.14,154.687525858105,0.18635437
215,2.15,167.58887577140885,0.37884372
216,2.16,166.74288500457223,0.68643177
217,2.17,166.7344854926331,0.8521359
218,2.18,166.0361225574019,0.87721294
219,2.19,164.8714677895761,0.8411152
220,2.2,162.899030399759,0.78314996
221,2.21,160.8424621404709,0.8365633
222,2.22,158.5403670031157,0.88960534
223,2.23,156.17094349415598,0.9407235
224,2.24,154.62482801886614,0.93581027
225,2.25,152.56815031201944,0.8965938
226,2.26,149.87394649562424,0.86109877
227,2.27,147.5386358784812,0.92752904
228,2.28,146.78696635538097,0.94506085
229,2.29,147.13694300698342,0.95753086
230,2.3,148.01736132732856,0.9526977
231,2.31,148.41695913866795,0.94395846
232,2.32,148.19639491307032,0.9522047
233,2.33,147.75262327184686,0.96754664
234,2.34,147.38572356916058,0.9687592
235,2.35,147.0131297835913,0.9690854
236,2.36,146.61767389220387,0.94017416
237,2.37,145.24828700160495,0.76981705
238,2.38,143.80854169548863,0.53001463
239,2.39,143.26115875776995,0.43103096
240,2.4,134.81607587831684,0.35240722
241,2.41,590.437309634422,0.028902523
242,2.42,160.9134559860522,0.041410595
243,2.43,158.9460505490146,0.10947852
244,2.44,327.0368723873876,0.07842521
245,2.45,320.4061637831132,0.048647307
246,2.46,32.36179598610945,0.05929661
247,2.47,55.17136862809538,0.035626367
248,2.48,54.47769014283614,0.087063126
249,2.49,1175.5468390753958,0.035438046
250,2.5,88.00473205317749,0.046545286
251,2.51,43.907531692186495,0.016166324
252,2.52,213.1386782513577,0.3122349
253,2.53,191.6535123460075,0.38950735
254,2.54,185.69827727143615,0.642245
255,2.55,183.20975061141576,0.78290135
256,2.56,179.2247725362837,0.84389746
257,2.57,175.30591144518422,0.8967971
258,2.58,170.8248166167097,0.81393445
259,2.59,165.7216099703458,0.8741177
260,2.6,163.56123118657206,0.91230583
261,2.61,162.02388887737288,0.9283377
262,2.62,160.4898009819799,0.91129553
263,2.63,158.889271561382,0.9203772
264,2.64,157.96888900538374,0.9470063
265,2.65,157.6967952584488,0.9375564
266,2.66,157.3114151662637,0.9240169
267,2.67,155.8497601736659,0.9281559
268,2.68,154.32306375668426,0.92507493
269,2.69,152.69533707852443,0.8791151
270,2.7,151.92725876686404,0.794354
271,2.71,150.93891299991557,0.37878385
272,2.72,274.31199779109596,0.38069567
273,2.73,288.21667140818994,0.15137415
274,2.74,156.4761293778925,0.29845375
275,2.75,160.95594307844073,0.55104125
276,2.76,161.46616373093843,0.8048011
277,2.77,161.00293409819415,0.90745103
278,2.78,160.37592030037,0.9344604
279,2.79,159.2796135180638,0.9320807
280,2.8,158.60778064356407,0.9243286
281,2.81,157.4789902650921,0.86282575
282,2.82,156.33516881368303,0.66496354
283,2.83,152.74071915568462,0.40461063
284,2.84,147.56630535424028,0.34346515
285,2.85,137.76225011431245,0.17008589
286,2.86,167.9426175642234,0.35764316
287,2.87,166.64229333518708,0.6211411
288,2.88,165.72327175662235,0.78942275
289,2.89,164.23343105222412,0.85464185
290,2.9,162.89300666822984,0.8962829
291,2.91,160.7448947474316,0.8869955
292,2.92,158.26183847004313,0.9128138
293,2.93,156.36277289577873,0.9369759
294,2.94,155.2101927320627,0.8564732
295,2.95,152.5566839405107,0.7386095
296,2.96,151.848112938528,0.6800485
297,2.97,151.72154286993737,0.6850546
298,2.98,151.96831811623585,0.8294403
299,2.99,152.33139490137725,0.85769683
300,3.0,153.7362124252073,0.81986755
301,3.01,155.5150154701793,0.8858553
302,3.02,156.42945552909194,0.9213997
303,3.03,156.48302085992694,0.94385326
304,3.04,156.4776752230461,0.95131123
305,3.05,157.07104235052503,0.911066
306,3.06,157.8202135859989,0.93966633
307,3.07,157.77670964848866,0.9441215
308,3.08,156.71315657370567,0.9252627
309,3.09,155.55449947140852,0.93905187
310,3.1,154.49171829078682,0.91180974
311,3.11,153.7342609973345,0.8184828
312,3.12,154.7334017020305,0.7974275
313,3.13,154.89341208907496,0.75693053
314,3.14,152.37389725109688,0.77167904
315,3.15,152.1804126378837,0.7615793
316,3.16,150.91430660772815,0.7741115
317,3.17,149.82166887450313,0.8202028
318,3.18,150.03393105136757,0.73152405
319,3.19,149.57923861536304,0.5624363
320,3.2,151.1658816686508,0.39190403
321,3.21,147.00270528987838,0.14161503
322,3.22,1095.5882916967412,0.037201393
323,3.23,1962.5557096799864,0.10726758
324,3.24,1964.727990764724,0.18364665
325,3.25,1974.837652356407,0.25473604
326,3.26,1976.7814141863337,0.24105376
327,3.27,1977.516910047668,0.15615901
328,3.28,1951.713120915128,0.068505116
329,3.29,277.72717800125827,0.07314401
330,3.3,282.2185990621493,0.03375409
331,3.31,321.0399506732115,0.3791436
332,3.32,320.62008074335637,0.4363625
333,3.33,317.5960915633777,0.16946387
334,3.34,61.87953220244209,0.15462066
335,3.35,186.49187597837752,0.6915248
336,3.36,186.8181345087133,0.81474394
337,3.37,186.71145016321103,0.90485007
338,3.38,185.800345332215,0.96695495
339,3.39,184.308394408323,0.9416758
340,3.4,182.15857634680023,0.8566991
341,3.41,179.3604517539241,0.84216994
342,3.42,177.6290225990449,0.91565
343,3.43,176.3108132874785,0.8371521
344,3.44,173.36123971776198,0.7461596
345,3.45,167.59089057101306,0.6949062
346,3.46,162.7988583370141,0.8002455
347,3.47,158.42900392054943,0.87005574
348,3.48,154.84640888337535,0.8539693
349,3.49,150.86254453297147,0.6979948
350,3.5,145.7224092501952,0.71926963
351,3.51,139.78215605248442,0.71202666
352,3.52,136.83490086994044,0.74146056
353,3.53,133.4373565012095,0.76816875
354,3.54,131.26676346458564,0.66682655
355,3.55,126.15953355711754,0.2812993
356,3.56,39.51909670303225,0.20625725
357,3.57,132.93065761214484,0.60562253
358,3.58,131.75879536148724,0.70866
359,3.59,131.12064396788114,0.67470175
360,3.6,126.48311970293435,0.49425444
361,3.61,124.82325635838703,0.6017134
362,3.62,130.11226175795986,0.46172357
363,3.63,131.69898624773572,0.8706632
364,3.64,132.87116473599028,0.867888
365,3.65,132.91073162677216,0.62058204
366,3.66,153.97031454448984,0.052059785
367,3.67,52.39828369714243,0.3503537
368,3.68,53.23348876816819,0.2688112
369,3.69,52.90757453560121,0.09477521
370,3.7,38.13217139932557,0.09985088
371,3.71,38.29882253911667,0.16243018
372,3.72,44.069907964111096,0.16652325
373,3.73,44.276028592625174,0.03615905
374,3.74,53.825911459785296,0.038013414
375,3.75,162.7384718567441,0.2130421
376,3.76,164.5420632653925,0.42111444
377,3.77,165.38995485633873,0.5372962
378,3.78,163.1552064434572,0.5722014
379,3.79,160.64057836202377,0.45770842
380,3.8,147.4759440753245,0.16917877
381,3.81,142.78501309793387,0.07682961
382,3.82,180.0687963017458,0.023984345
383,3.83,218.7572424861185,0.31067425
384,3.84,212.77742145705804,0.31252587
385,3.85,203.19022984860533,0.54311335
386,3.86,199.48899769260268,0.5712349
387,3.87,195.97229334354915,0.4921351
388,3.88,192.0377922243064,0.5949207
389,3.89,187.22517556258995,0.6792941
390,3.9,182.63858738046912,0.6476724
391,3.91,172.98627497053832,0.44245982
392,3.92,163.0620795225391,0.57656175
393,3.93,157.51130923128488,0.36760718
394,3.94,159.25249182875208,0.2171171
395,3.95,158.9095119890472,0.10332127
396,3.96,1167.4338312803513,0.09614807
397,3.97,163.99113918299807,0.025616618
398,3.98,218.02400411242235,0.45606017
399,3.99,203.39349195389207,0.565824
400,4.0,198.88865784013007,0.6192109
401,4.01,196.05724946375344,0.7480041
402,4.02,192.84665524537286,0.84678394
403,4.03,190.27664988128072,0.9246867
404,4.04,188.16004832420185,0.9419889
405,4.05,186.23964216086065,0.9439165
406,4.06,183.92699363766332,0.9324842
407,4.07,180.15678328528722,0.8453936
408,4.08,175.058713122948,0.76485354
409,4.09,169.1629062896686,0.7496121
410,4.1,162.92603513084077,0.69822323
411,4.11,154.99996181309126,0.64724463
412,4.12,148.24551230099456,0.553747
413,4.13,140.61950812375744,0.48671952
414,4.14,136.69067591335312,0.22551341
415,4.15,52.1039035162445,0.06803201
416,4.16,35.40795620116875,0.2027205
417,4.17,36.131998061361074,0.515989
418,4.18,36.24566805728736,0.28059807
419,4.19,39.32937288665147,0.17080787
420,4.2,39.345414122000506,0.11915762
421,4.21,44.77869133481149,0.35648954
422,4.22,44.925395387969864,0.10854963
423,4.23,49.19465541553363,0.078507476
424,4.24,50.36900847378093,0.1899629
425,4.25,50.76840442650469,0.12117288
426,4.26,81.68602012932737,0.2961337
427,4.27,82.47765604984761,0.53703797
428,4.28,82.32916169207752,0.2832726
429,4.29,145.11472658742653,0.035310153
430,4.3,1908.5355762119007,0.008015167
431,4.31,1944.110859188129,0.026265897
432,4.32,1948.2990283736865,0.04672943
433,4.33,1937.7073480761296,0.076235175
434,4.34,447.915999098202,0.046480704
435,4.35,453.9622619720069,0.10955409
436,4.36,459.0103523258788,0.091512665
437,4.37,459.0036755571841,0.6134563
438,4.38,463.92169506175844,0.5353853
439,4.39,460.110138101095,0.35467237
440,4.4,485.2822392155395,0.34043324
441,4.41,554.1540367145035,0.27741078
442,4.42,146.41999199039097,0.28388327
443,4.43,193.92043823958548,0.33473998
444,4.44,200.53241597999272,0.59600437
445,4.45,201.45267996737948,0.8041138
446,4.46,201.96494277959346,0.8262625
447,4.47,201.94265524225978,0.77005374
448,4.48,201.16739933900112,0.58905244
449,4.49,200.87187673426118,0.34102684
450,4.5,186.29617725473435,0.3728213
451,4.51,195.07013072060766,0.7287488
452,4.52,195.39450520488714,0.8304184
453,4.53,194.87837554296394,0.92924106
454,4.54,193.81340041205777,0.9182709
455,4.55,192.11805173563874,0.9143923
456,4.56,190.53515995850125,0.89983046
457,4.57,188.00268239087214,0.8368246
458,4.58,184.2633855232608,0.80443513
459,4.59,178.70673929186555,0.6355586
460,4.6,174.00730233791793,0.62047803
461,4.61,166.29349782781364,0.57204515
462,4.62,162.97882183212155,0.55440557
463,4.63,161.22837950594558,0.41795525
464,4.64,161.06330366464445,0.031780984
465,4.65,1880.240314260227,0.03142838
466,4.66,1890.406005886584,0.017488077
467,4.67,1117.090828759755,0.0251192
468,4.68,1163.9185302321098,0.019096525
469,4.69,221.71369921927064,0.24881436
470,4.7,201.36171954894647,0.448061
471,4.71,199.0551730286868,0.6309242
472,4.72,198.81486600782102,0.8033516
473,4.73,198.03075895130777,0.83924454
474,4.74,197.85159221512984,0.8598251
475,4.75,198.36186316631836,0.85060036
476,4.76,198.1461100507009,0.880757
477,4.77,196.6171270111228,0.9170811
478,4.78,194.5792971417722,0.9463628
479,4.79,193.52885812210945,0.91973954
480,4.8,193.0949604272699,0.91403145
481,4.81,192.15012668696397,0.9348109
482,4.82,190.70398197371668,0.925949
483,4.83,189.5970397652149,0.9301694
484,4.84,187.97510480027395,0.93039685
485,4.85,186.01139837096474,0.85670877
486,4.86,178.08934684885895,0.43789676
487,4.87,172.59886070513588,0.38150662
488,4.88,280.372517836043,0.08176593
489,4.89,282.6169770418607,0.13503158
490,4.9,876.6584241211688,0.08822053
491,4.91,43.47460990230576,0.03647512
492,4.92,283.8826551574039,0.14544928
493,4.93,46.3106179791899,0.038720682
494,4.94,195.19912982055135,0.16320896
495,4.95,194.6135869483493,0.49350047
496,4.96,196.21516610201493,0.627095
497,4.97,195.95680960720895,0.6965781
498,4.98,196.64836999482696,0.85062444
499,4.99,196.51143824814886,0.909155
500,5.0,195.22836571291668,0.8866391
501,5.01,192.0710687252394,0.74410886
502,5.02,186.07767926037138,0.743799
503,5.03,181.3425759415534,0.70913476
504,5.04,175.48158762242326,0.6667392
505,5.05,170.02136269403655,0.6476059
506,5.06,164.03349987626044,0.64073706
507,5.07,159.8751576027472,0.62898314
508,5.08,156.53664689000658,0.4798826
509,5.09,158.85745941128397,0.3991946
510,5.1,162.80084514728594,0.044581745
511,5.11,944.9006786405707,0.030017285
512,5.12,884.5446542066544,0.016453614
513,5.13,1767.1255703666602,0.017914275
514,5.14,1782.1868319369162,0.011729573
515,5.15,1893.0616528920746,0.008585872
516,5.16,32.13088827529107,0.01481749
517,5.17,1901.4729030039327,0.06484492
518,5.18,967.4660965366992,0.04503868
519,5.19,1179.537924262934,0.042774737
520,5.2,595.8208105611557,0.068346344
521,5.21,274.76621591036337,0.11692959
522,5.22,208.04289264521356,0.257174
523,5.23,172.8965734320259,0.29492807
524,5.24,168.50567120716389,0.6030042
525,5.25,168.05470862076982,0.7689194
526,5.26,165.07329467485476,0.8049996
527,5.27,158.79949503820978,0.7247577
528,5.28,153.13077781374648,0.8414264
529,5.29,149.17307525497205,0.859267
530,5.3,145.65879557743645,0.8138222
531,5.31,143.35151556961932,0.6764921
532,5.32,144.9322577991202,0.3669636
533,5.33,119.69676567775123,0.055661667
534,5.34,133.01295530178345,0.026468871
535,5.35,32.64617175257003,0.12915
536,5.36,81.72153959294369,0.1344619
537,5.37,81.58598290147239,0.21624409
538,5.38,80.24777567746969,0.6073229
539,5.39,80.5004831600675,0.35221627
540,5.4,81.81484400472029,0.0641144
541,5.41,268.75858933448586,0.12481633
542,5.42,325.20982149294343,0.02554795
543,5.43,595.7247060238844,0.102470316
544,5.44,623.2966940853319,0.09599801
545,5.45,644.0604425844372,0.055102404
546,5.46,1174.1954278716728,0.009123904
547,5.47,322.9329421486391,0.029317338
548,5.48,33.157349305764726,0.117031135
549,5.49,227.70140048127314,0.29549992
550,5.5,173.06395915021562,0.4616012
551,5.51,169.0349354733886,0.6306578
552,5.52,167.68247923989634,0.852364
553,5.53,166.55661553925574,0.8797198
554,5.54,165.2519718760665,0.86964726
555,5.55,161.47107455317766,0.7382898
556,5.56,157.88410848753827,0.6473279
557,5.57,155.984705770625,0.41411543
558,5.58,147.16884203718075,0.3507002
559,5.59,136.83428405957153,0.19520131
560,5.6,271.63518682593485,0.18671605
561,5.61,1177.8243721446167,0.04015859
562,5.62,1846.2162294873115,0.025788303
563,5.63,339.50438565388475,0.044252414
564,5.64,350.01501312762235,0.083533555
565,5.65,357.6094276845905,0.051550426
566,5.66,594.4383415499294,0.10226392
567,5.67,510.02267029246855,0.07855408
568,5.68,527.4661900925948,0.021344654
569,5.69,1050.2843160901486,0.011137453
570,5.7,213.18138244979258,0.31911924
571,5.71,186.68010219355745,0.24885213
572,5.72,184.26386652748604,0.5167313
573,5.73,182.39684043063843,0.6901127
574,5.74,178.9316899473177,0.7039946
575,5.75,173.1025648705492,0.79281205
576,5.76,166.7522601479634,0.8793151
577,5.77,164.06014343387977,0.9073242
578,5.78,163.05359997243863,0.9419506
579,5.79,161.02143734218208,0.86309165
580,5.8,156.30742860574293,0.8450056
581,5.81,153.26258557999319,0.88711846
582,5.82,149.93891553419118,0.900551
583,5.83,147.7205692536151,0.952427
584,5.84,147.46320869964387,0.96048206
585,5.85,147.85548682717067,0.9493512
586,5.86,147.9789867020636,0.93697923
587,5.87,147.33156758557539,0.9243869
588,5.88,146.75242327972228,0.8565522
589,5.89,146.57335282006193,0.84116447
590,5.9,148.07354935682463,0.87837106
591,5.91,150.59208444641615,0.80360293
592,5.92,152.11376270069326,0.7733286
593,5.93,151.74787128132655,0.6226206
594,5.94,149.4816717451145,0.79824626
595,5.95,148.06358654818445,0.87848324
596,5.96,147.54464421781842,0.9369192
597,5.97,147.18766908314387,0.78500676
598,5.98,275.92487144588983,0.16911095
599,5.99,272.1946330924583,0.21068978
600,6.0,948.2492096574108,0.12101722
601,6.01,51.45059606728207,0.2085118
602,6.02,51.59411287494456,0.63205004
603,6.03,161.61223277306036,0.5141024
604,6.04,159.10268059760813,0.64678603
605,6.05,158.7553704125676,0.78292894
606,6.06,158.26544939948303,0.9008779
607,6.07,157.91698085515313,0.9331901
608,6.08,156.8826664246389,0.8804563
609,6.09,155.20236152222216,0.8971561
610,6.1,153.86068534059427,0.8916917
611,6.11,153.01045540516913,0.85338116
612,6.12,153.25922634237077,0.68226194
613,6.13,150.44556028538793,0.38552275
614,6.14,277.8197209590247,0.17202549
615,6.15,266.4695404481817,0.4571494
616,6.16,254.55297306620622,0.08216817
617,6.17,1982.8960979232304,0.04607086
618,6.18,1979.692830422308,0.033867445
619,6.19,991.2748824420414,0.08093099
620,6.2,175.5037238885447,0.37436262
621,6.21,173.17460499967933,0.4159225
622,6.22,168.79374815981373,0.58176404
623,6.23,165.28936585055203,0.72446144
624,6.24,163.11923920027698,0.86840814
625,6.25,161.75394052020852,0.9363942
626,6.26,160.024343887806,0.91336805
627,6.27,155.96993461276955,0.80932367
628,6.28,150.60517261675588,0.8497791
629,6.29,147.4850203788322,0.9381164
630,6.3,146.02187029850293,0.94922
631,6.31,144.64734447978452,0.892677
632,6.32,143.28476611098694,0.857337
633,6.33,141.26591305769182,0.81592333
634,6.34,139.66508455564306,0.7488324
635,6.35,138.7009663411803,0.60235685
636,6.36,142.52638777735058,0.05493485
637,6.37,178.26631963137328,0.06548636
638,6.38,175.1876650783747,0.40385664
639,6.39,174.64602837130045,0.1020944
640,6.4,33.96546271724956,0.09642873
641,6.41,165.3354842282747,0.328987
642,6.42,163.04216085880626,0.8487434
643,6.43,161.42724472429097,0.90716565
644,6.44,161.42350944744544,0.92641497
645,6.45,161.9289429098621,0.9182435
646,6.46,163.5106168281064,0.92009264
647,6.47,164.92042511281622,0.94974744
648,6.48,165.14201224326328,0.96003866
649,6.49,164.0550913580719,0.94134754
650,6.5,162.00940368799846,0.92352396
651,6.51,159.24336672093978,0.89008695
652,6.52,155.61631650481965,0.82301754
653,6.53,150.9865214980329,0.8842836
654,6.54,148.09226445111207,0.91949856
655,6.55,146.555475865357,0.90793204
656,6.56,144.224200496441,0.7134869
657,6.57,139.2241841474868,0.727429
658,6.58,136.7598773423168,0.7047265
659,6.59,138.09694237040208,0.7035044
660,6.6,143.62498642540243,0.564965
661,6.61,147.04569851602201,0.8338348
662,6.62,149.41349963784705,0.8921289
663,6.63,151.72044616859068,0.7992237
664,6.64,153.66597283759663,0.7278523
665,6.65,154.2954041754235,0.51464146
666,6.66,149.6288557411199,0.16495065
667,6.67,178.45505600610448,0.31388637
668,6.68,168.23987160648994,0.38433012
669,6.69,165.7534476833891,0.6162719
670,6.7,163.96038442012642,0.7720536
671,6.71,162.05595380593198,0.797608
672,6.72,158.04698082070888,0.8455931
673,6.73,154.7950095522258,0.8674809
674,6.74,151.3921198505604,0.83261657
675,6.75,148.41391133795514,0.90022516
676,6.76,146.56955954389034,0.9245926
677,6.77,144.06923631549685,0.7667407
678,6.78,139.93372928264654,0.6982878
679,6.79,140.43225594120446,0.6778736
680,6.8,144.65483994916158,0.6184448
681,6.81,146.15798389962796,0.7488378
682,6.82,145.8455386189487,0.86359006
683,6.83,145.42400194210825,0.9203253
684,6.84,145.2729740471668,0.9008274
685,6.85,144.5783570219888,0.7004986
686,6.86,141.90114576880626,0.51914394
687,6.87,139.51084918427733,0.31370315
688,6.88,276.9532947386372,0.5238336
689,6.89,276.1079393559921,0.2802235
690,6.9,273.7631772501307,0.067943536
691,6.91,1184.4798848512296,0.033221498
692,6.92,1165.1385005485693,0.029820953
693,6.93,1059.2764504832726,0.012922907
694,6.94,1046.9865564066026,0.012810494
695,6.95,1975.7094432648246,0.013339537
696,6.96,1049.409415186572,0.01073454
697,6.97,1967.202113710108,0.0029908745
698,6.98,1086.9438296937014,0.0027195003
699,6.99,1086.6194238192056,0.003338411
700,7.0,1050.046772362458,0.010303612
701,7.01,265.7728149688162,0.4050314
702,7.02,218.53470156994723,0.4061664
703,7.03,198.6484059921185,0.4596718
704,7.04,193.1382908648283,0.43546945
705,7.05,188.97115147985912,0.5397275
706,7.06,185.74543897458523,0.7231824
707,7.07,181.1959625324546,0.7371114
708,7.08,177.72411477984298,0.7594066
709,7.09,178.81964472955875,0.6809884
710,7.1,196.90060576849953,0.5686406
711,7.11,196.82870885235502,0.76553154
712,7.12,196.94845827553362,0.86798865
713,7.13,196.4244745459716,0.886297
714,7.14,195.03346750221678,0.90252256
715,7.15,193.50977687578137,0.79708666
716,7.16,189.4498681246766,0.7867561
717,7.17,185.49244258851195,0.81955206
718,7.18,181.46005824995063,0.63715714
719,7.19,175.65071677636416,0.56514394
720,7.2,172.41675894278717,0.48928195
721,7.21,163.12878048064027,0.3672898
722,7.22,163.10733141488484,0.01975635
723,7.23,323.2743097555721,0.091697514
724,7.24,392.8956535058956,0.17095716
725,7.25,416.6615184999656,0.18941355
726,7.26,465.11074060955605,0.08948218
727,7.27,407.208328950258,0.060553867
728,7.28,1025.295156212892,0.022365475
729,7.29,173.87770700526693,0.2597628
730,7.3,175.3943717826488,0.39479437
731,7.31,178.93070487237765,0.552809
732,7.32,177.51166700824714,0.640112
733,7.33,173.41166825577994,0.5554695
734,7.34,163.7728942352399,0.64474887
735,7.35,158.03636564561867,0.75018877
736,7.36,152.0714259730768,0.7340357
737,7.37,147.53053641946553,0.8771642
738,7.38,145.6855435398808,0.83465576
739,7.39,148.65095448489168,0.5353637
740,7.4,156.09811336222387,0.5406351
741,7.41,157.36631224403536,0.70509565
742,7.42,157.02419432922628,0.7395613
743,7.43,155.9580935892903,0.57497865
744,7.44,311.19146208207616,0.31335208
745,7.45,305.5259193613296,0.108240314
746,7.46,283.3053745128937,0.18614163
747,7.47,55.638634155901514,0.05874475
748,7.48,223.21290352267354,0.19560628
749,7.49,151.71037051564508,0.43712708
750,7.5,154.77876188869843,0.64961636
751,7.51,154.50964221015474,0.8162841
752,7.52,153.47178922913332,0.87972426
753,7.53,152.56311421710612,0.8842798
754,7.54,150.57149926497553,0.6307151
755,7.55,144.84808184338095,0.45490456
756,7.56,136.47811765506626,0.5558617
757,7.57,133.99813113273783,0.74123037
758,7.58,134.57574675777056,0.32248005
759,7.59,57.22651252770916,0.696078
760,7.6,57.61362947576063,0.41390866
761,7.61,59.61717751530383,0.6020725
762,7.62,62.10674404194175,0.7729408
763,7.63,62.30369660756881,0.69116783
764,7.64,62.742078360958786,0.04451616
765,7.65,120.99203972333896,0.08232651
766,7.66,99.44306746496295,0.025092248
767,7.67,664.9342601603815,0.015683688
768,7.68,659.1247641813864,0.047746845
769,7.69,658.2159871887498,0.10206711
770,7.7,659.3818049781028,0.06683893
771,7.71,662.9872389285332,0.07787967
772,7.72,670.1906498796957,0.07676722
773,7.73,291.8803249262574,0.33992106
774,7.74,226.15064480251007,0.18964474
775,7.75,186.00847615322007,0.27356407
776,7.76,173.15483594568468,0.5603007
777,7.77,168.2573047415533,0.66214216
778,7.78,165.91754199151416,0.76704806
779,7.79,162.47985952541583,0.6059953
780,7.8,156.6768634936487,0.7263475
781,7.81,152.2211173083076,0.7523819
782,7.82,147.99478575383213,0.82207143
783,7.83,143.97893402130003,0.7270439
784,7.84,139.60739567358573,0.81281304
785,7.85,137.53926621445092,0.7903996
786,7.86,134.78647421595224,0.5330637
787,7.87,224.5920429312956,0.1863944
788,7.88,220.90175555168383,0.17939186
789,7.89,35.27000972370919,0.06944417
790,7.9,35.02248306098509,0.08717146
791,7.91,42.97028457016198,0.05136256
792,7.92,43.006622487231134,0.054131612
793,7.93,98.9170731073026,0.24856521
794,7.94,98.09207966847525,0.2981447
795,7.95,162.41584312455296,0.070916004
796,7.96,163.48903468039467,0.17813146
797,7.97,274.54089594447817,0.14968902
798,7.98,272.1807132565717,0.33159795
799,7.99,33.139215739794366,0.10314165
800,8.0,39.8145016593559,0.23952064
801,8.01,1179.8279698823815,0.11610366
802,8.02,1868.3729958933404,0.03849083
803,8.03,168.2651277043152,0.08588788
804,8.04,75.00238767200497,0.14648856
805,8.05,1970.0434030987105,0.10922481
806,8.06,32.84703197085519,0.06281077
807,8.07,1055.1317282758873,0.039508127
808,8.08,304.7548145592346,0.06596197
809,8.09,243.15985310470654,0.07063571
810,8.1,32.771039953092455,0.1556193
811,8.11,265.78303216013927,0.028633412
812,8.12,37.39501220216864,0.1601729
813,8.13,168.88319100046843,0.25170976
814,8.14,176.28593482664243,0.6817402
815,8.15,177.48075607275152,0.88470554
816,8.16,179.14011169958795,0.93989617
817,8.17,180.27665945330838,0.9339279
818,8.18,181.8536682756921,0.949083
819,8.19,182.46389481542255,0.92479086
820,8.2,182.45733327631459,0.9115619
821,8.21,181.27970174457874,0.84951156
822,8.22,179.15836935599225,0.66399413
823,8.23,177.10916060290063,0.5939627
824,8.24,173.8270466016122,0.33043942
825,8.25,996.921080662995,0.00897468
826,8.26,994.5982600379909,0.024285248
827,8.27,1966.7098917047817,0.08673844
828,8.28,1952.5047929297348,0.0821374
829,8.29,1887.1067099748689,0.07049664
830,8.3,1847.6041403545148,0.11386556
831,8.31,1825.462391988161,0.051999617
832,8.32,1781.9470201109748,0.12642711
833,8.33,1747.6379753682595,0.034303974
834,8.34,1736.3137857376482,0.018672286
835,8.35,1734.8891537344584,0.029958032
836,8.36,1732.9046887422762,0.063852064
837,8.37,214.33292661455621,0.5144939
838,8.38,193.78529977533677,0.6385101
839,8.39,195.00838660654708,0.68773097
840,8.4,195.8970263981957,0.86445874
841,8.41,195.69028698207404,0.91752756
842,8.42,194.28504161337003,0.93524635
843,8.43,191.63463680247375,0.88344836
844,8.44,189.23784874020288,0.93420106
845,8.45,188.1788106251726,0.9465932
846,8.46,187.32567012926245,0.9483682
847,8.47,186.1184268544343,0.95791054
848,8.48,184.81580482987144,0.9499497
849,8.49,183.01395354266043,0.9343696
850,8.5,179.59709759512407,0.9067787
851,8.51,176.34122965374388,0.88847804
852,8.52,174.27317106566414,0.9057263
853,8.53,171.98103591369122,0.83568615
854,8.54,167.4222241876243,0.8728052
855,8.55,165.0635098340703,0.9416514
856,8.56,163.64151736042473,0.9415129
857,8.57,162.51243313776655,0.91603476
858,8.58,161.879954174761,0.940537
859,8.59,161.75584182489138,0.9368584
860,8.6,162.03575623023042,0.94106287
861,8.61,162.08221719671175,0.93801314
862,8.62,161.85350323566013,0.94268936
863,8.63,161.6519642740033,0.9449175
864,8.64,161.10882370660352,0.92758465
865,8.65,159.83682275214082,0.87929016
866,8.66,157.65109083393037,0.77627105
867,8.67,155.1437810250167,0.596633
868,8.68,151.72615374614355,0.48034173
869,8.69,149.40167257965476,0.30139244
870,8.7,146.61903820793754,0.14775845
871,8.71,160.83931712985816,0.034143116
872,8.72,230.92559377331142,0.15655811
873,8.73,189.6173150754065,0.33140132
874,8.74,173.5197998238412,0.45783454
875,8.75,172.9806980845218,0.63386315
876,8.76,174.90473402447648,0.83473974
877,8.77,175.7092230756155,0.903106
878,8.78,176.61824288532665,0.8942945
879,8.79,178.613402480745,0.9198804
880,8.8,180.3800446750364,0.91026455
881,8.81,181.5004920019216,0.9351863
882,8.82,181.50464274042724,0.93401855
883,8.83,180.4459788975025,0.91422707
884,8.84,178.93887325208726,0.933803
885,8.85,177.12532598059224,0.9370857
886,8.86,175.7216389624456,0.94166094
887,8.87,174.8600545335356,0.9527175
888,8.88,174.2086558123066,0.9215857
889,8.89,173.18359881390188,0.8827992
890,8.9,169.80603286051561,0.65611744
891,8.91,165.57070384889911,0.60977197
892,8.92,165.31340609778357,0.6066824
893,8.93,169.57959257561598,0.62552196
894,8.94,173.3789503677054,0.81763244
895,8.95,174.05527099156987,0.8884626
896,8.96,174.0301095814664,0.90282303
897,8.97,174.50860501471368,0.9074096
898,8.98,173.672726218423,0.9150565
899,8.99,171.9429506055732,0.8894715
900,9.0,170.61023939428853,0.8994676
901,9.01,168.77924426151623,0.83533114
902,9.02,165.9875750255858,0.82334965
903,9.03,162.49791978596735,0.7227691
904,9.04,157.11664486221161,0.76115745
905,9.05,153.48817712083064,0.7545781
906,9.06,149.78998829085097,0.8122254
907,9.07,147.30051174117543,0.8885846
908,9.08,147.03348519140974,0.906645
909,9.09,148.41824400321948,0.89452183
910,9.1,149.51007829566672,0.9248137
911,9.11,150.15340852113758,0.92633253
912,9.12,150.41993210971506,0.91945
913,9.13,151.30514158871722,0.84543383
914,9.14,152.90863287559833,0.81245583
915,9.15,151.8867498253511,0.71095675
916,9.16,147.97700467951427,0.788408
917,9.17,145.45270069468972,0.8864749
918,9.18,143.42048914444592,0.85973525
919,9.19,141.7812070561137,0.83317524
920,9.2,140.34755437776516,0.8725152
921,9.21,139.8125929437037,0.8799943
922,9.22,140.67811773184025,0.91293424
923,9.23,141.6538310420956,0.91424227
924,9.24,142.37598709395397,0.9302793
925,9.25,142.7224963625165,0.91826683
926,9.26,142.6372786436627,0.9152638
927,9.27,143.34436374367147,0.8892964
928,9.28,144.84334371916628,0.88840204
929,9.29,147.6254262002978,0.9329108
930,9.3,151.01232110962184,0.8791166
931,9.31,155.13108487227922,0.87474966
932,9.32,157.03066680587352,0.8812409
933,9.33,157.63828550168665,0.90751153
934,9.34,157.07510481035504,0.8045276
935,9.35,155.7101691151309,0.6407145
936,9.36,152.78205900570458,0.40975907
937,9.37,147.61386295165246,0.26272577
938,9.38,316.6264686796345,0.23006028
939,9.39,148.54086210388465,0.34670356
940,9.4,145.42123018809883,0.19766419
941,9.41,217.90221283563477,0.20918027
942,9.42,189.68767218697093,0.39050174
943,9.43,172.3248669632905,0.42984018
944,9.44,166.6546418268435,0.64158726
945,9.45,165.1913093045968,0.7224509
946,9.46,161.2751640552307,0.5393413
947,9.47,154.56208110749344,0.62272125
948,9.48,148.16044518586935,0.66639894
949,9.49,146.518826480806,0.8633332
950,9.5,148.4238744623874,0.87487656
951,9.51,151.9269914864059,0.8600925
952,9.52,154.0085246320782,0.89421993
953,9.53,155.06909105216266,0.80305696
954,9.54,156.23491198595062,0.60495204
955,9.55,157.58376383103445,0.3318604
956,9.56,311.2593032254837,0.4076105
957,9.57,302.46988324841135,0.15021527
958,9.58,303.1715121142531,0.057058953
959,9.59,272.6536547861418,0.060436677
960,9.6,1858.0509274460724,0.040964406
961,9.61,1873.626962556666,0.033471264
962,9.62,1961.429069005143,0.023108557
963,9.63,645.7126494756835,0.020429308
964,9.64,319.5037743436874,0.084242314
965,9.65,299.29323423908505,0.10879742
966,9.66,298.0266812404766,0.08142041
967,9.67,32.53949547515595,0.1889227
968,9.68,271.37307263321014,0.4226431
969,9.69,186.81134604196478,0.50184894
970,9.7,182.1974774480646,0.7314183
971,9.71,177.75998526197407,0.7278816
972,9.72,175.13535779321717,0.6412245
973,9.73,168.77413696385702,0.5975216
974,9.74,163.33316133979542,0.4495959
975,9.75,154.3577110098085,0.6734625
976,9.76,149.29293754788264,0.7243355
977,9.77,145.1668778033594,0.69386584
978,9.78,141.22557608177632,0.5486839
979,9.79,135.2928588644794,0.6269941
980,9.8,133.65178594151524,0.44249508
981,9.81,87.84355427764996,0.06519643
982,9.82,103.26129413678002,0.06719557
983,9.83,102.9607230468059,0.15522154
984,9.84,137.91055407122792,0.16046636
985,9.85,135.18247808040542,0.14208044
986,9.86,276.1116433223924,0.021582361
987,9.87,1444.2445563027022,0.008879589
988,9.88,1456.7925432035013,0.007531531
989,9.89,1461.343178740933,0.024373483
990,9.9,1462.4146073825716,0.026518816
991,9.91,219.65808293212712,0.28447577
992,9.92,179.30624176441313,0.4256281
993,9.93,168.0720401849321,0.49185327
994,9.94,166.55956406790915,0.41827127
995,9.95,164.88100228729135,0.5208137
996,9.96,161.67649328965805,0.536615
997,9.97,157.71163011436136,0.53877085
998,9.98,151.90079551505784,0.38835374
999,9.99,154.27605685012765,0.21179225
1000,10.0,163.70466875686088,0.20303497
1001,10.01,164.387399710684,0.36874855
1002,10.02,164.07038592379135,0.58371973
1003,10.03,163.45950387546364,0.82892346
1004,10.04,161.85251903381402,0.8877696
1005,10.05,159.3443145198916,0.909877
1006,10.06,156.61017632218912,0.9079498
1007,10.07,154.58034174991144,0.88803756
1008,10.08,150.34372043824453,0.77829415
1009,10.09,147.41058202016458,0.813247
1010,10.1,148.09089515364929,0.35926116
1011,10.11,89.34788007205663,0.06240902
1012,10.12,89.29387003771757,0.114801794
1013,10.13,55.134913400041505,0.080411255
1014,10.14,55.23861450190986,0.11671362
1015,10.15,55.128366005172616,0.3907725
1016,10.16,272.16666864350833,0.39117846
1017,10.17,316.3837500179829,0.10356604
1018,10.18,954.0227990729372,0.014180317
1019,10.19,322.73853471044265,0.044686895
1020,10.2,684.444321431075,0.026921408
1021,10.21,662.9563767709449,0.028240433
1022,10.22,661.9453849370175,0.041684993
1023,10.23,662.2418594347921,0.023834119
1024,10.24,1958.683989026788,0.06309012
1025,10.25,1970.5913584927498,0.040292937
1026,10.26,1976.6794471610842,0.036699314
1027,10.27,37.85103355514624,0.040762704
1028,10.28,226.6112189039794,0.3055133
1029,10.29,194.67457540532766,0.24078602
1030,10.3,179.42740493469344,0.5190149
1031,10.31,174.80982508507748,0.28960675
1032,10.32,169.42198295969263,0.49417147
1033,10.33,168.3019629061279,0.655064
1034,10.34,160.83182730748618,0.6576827
1035,10.35,156.37357494276068,0.76120245
1036,10.36,154.53560590426002,0.108757995
1037,10.37,33.594921332276485,0.13077585
1038,10.38,34.073031406653044,0.10785145
1039,10.39,1158.5353647019342,0.12833422
1040,10.4,1177.8183712314396,0.06382287
1041,10.41,1193.1785208759695,0.035842415
1042,10.42,150.4798562841603,0.09837397
1043,10.43,153.07344565886712,0.20725545
1044,10.44,151.35988147085772,0.6290844
1045,10.45,151.11019923708898,0.37742522
1046,10.46,275.3532275436255,0.19864038
1047,10.47,277.38870649853556,0.21700191
1048,10.48,269.70433443891966,0.19060393
1049,10.49,259.22107805895985,0.20854673
1050,10.5,254.19729402864252,0.1917201
1051,10.51,164.44415491600498,0.4638571
1052,10.52,165.41230259054316,0.37704
1053,10.53,275.2209065919447,0.23192668
1054,10.54,69.34400812179688,0.20663118
1055,10.55,34.90479118946591,0.2910698
1056,10.56,35.25696600506051,0.18634942
1057,10.57,71.06093758995382,0.07030773
1058,10.58,216.944968865806,0.031913914
1059,10.59,275.6085678868835,0.26308933
1060,10.6,275.3950403750031,0.42801586
1061,10.61,273.9788681578994,0.47823286
1062,10.62,280.944966163322,0.36535707
1063,10.63,274.8178601862077,0.20135698
1064,10.64,268.77177207823667,0.16639648
1065,10.65,326.1460208417023,0.09759379
1066,10.66,360.5778117760602,0.11522453
1067,10.67,217.38239494825606,0.25030017
1068,10.68,184.5790469381452,0.5654301
1069,10.69,180.88730048373384,0.725473
1070,10.7,178.03981321786497,0.70763516
1071,10.71,173.74953067830617,0.74597746
1072,10.72,170.1873253754907,0.6796262
1073,10.73,164.94771608344223,0.70977426
1074,10.74,157.1631008741121,0.73613864
1075,10.75,155.53158709712292,0.89001024
1076,10.76,157.3786620349906,0.8109146
1077,10.77,160.2707349665997,0.8753083
1078,10.78,161.81454584431833,0.9480168
1079,10.79,162.9604100652291,0.9361296
1080,10.8,163.81227166278026,0.92032814
1081,10.81,164.91885471616865,0.91126305
1082,10.82,165.48459959851002,0.9196158
1083,10.83,164.77222122833103,0.8992187
1084,10.84,163.54668306144174,0.9247872
1085,10.85,163.60666481485333,0.94671595
1086,10.86,164.1764756519873,0.93336785
1087,10.87,164.76427299379554,0.9574635
1088,10.88,164.98260677805598,0.9664443
1089,10.89,164.64686111468984,0.9398323
1090,10.9,164.039399055895,0.8533321
1091,10.91,163.84220174254975,0.5179149
1092,10.92,33.54968535469747,0.08568374
1093,10.93,33.52116725155191,0.06982984
1094,10.94,102.01711899081717,0.32564119
1095,10.95,102.7799690082068,0.20244993
1096,10.96,663.7191318788555,0.092720345
1097,10.97,722.0944461999688,0.058504544
1098,10.98,658.6770835360034,0.09409949
1099,10.99,652.3328228157134,0.08952699
1100,11.0,647.4493263676261,0.04223285
1101,11.01,869.9507492319435,0.052539557
1102,11.02,32.472402694805695,0.074593544
1103,11.03,32.21735137787568,0.04556476
1104,11.04,32.18517442490348,0.008807067
1105,11.05,272.9216372650182,0.12700276
1106,11.06,196.24509250078643,0.41754097
1107,11.07,183.9636497458429,0.60418355
1108,11.08,180.28927772017457,0.57803065
1109,11.09,176.48870832856738,0.5657572
1110,11.1,172.6956737554495,0.53463584
1111,11.11,168.02891439794794,0.7933722
1112,11.12,164.20321923948342,0.7487667
1113,11.13,158.21898553927565,0.56625
1114,11.14,148.43148115011297,0.43756238
1115,11.15,144.13053915239485,0.8885132
1116,11.16,143.02577193433046,0.91054463
1117,11.17,142.62714796212526,0.9263741
1118,11.18,141.89790601803008,0.91598386
1119,11.19,140.97732425048602,0.9027595
1120,11.2,140.21988121000305,0.8974088
1121,11.21,139.37579561922144,0.92518634
1122,11.22,139.31483608613541,0.9286948
1123,11.23,139.39426158805836,0.9281389
1124,11.24,139.49124666744862,0.9177534
1125,11.25,140.08253366818187,0.88214546
1126,11.26,140.58474990863635,0.88485616
1127,11.27,140.5137692340376,0.7713389
1128,11.28,139.1598680326705,0.6474585
1129,11.29,273.1780760305585,0.4306335
1130,11.3,268.4466911213525,0.2711829
1131,11.31,251.543001320844,0.06338554
1132,11.32,54.238834589395076,0.07980455
1133,11.33,265.84957937074313,0.061240282
1134,11.34,267.3906319415313,0.27440527
1135,11.35,265.71547969968157,0.22306791
1136,11.36,168.60784560913453,0.4037953
1137,11.37,165.22349576203817,0.7401535
1138,11.38,161.61090654460654,0.69437915
1139,11.39,158.16378153254897,0.79405993
1140,11.4,155.45397369715977,0.86111563
1141,11.41,152.47915880943646,0.8563435
1142,11.42,149.16145813945408,0.77106255
1143,11.43,145.85784784881506,0.9143126
1144,11.44,144.31213935839472,0.91238755
1145,11.45,143.28575686109897,0.8720969
1146,11.46,141.99593101303705,0.822304
1147,11.47,139.32975949783378,0.8572904
1148,11.48,137.45830171747363,0.847685
1149,11.49,135.6159882878265,0.4325633
1150,11.5,267.64256391108853,0.4040483
1151,11.51,229.97899960780938,0.13600354
1152,11.52,235.3015800755431,0.23195125
1153,11.53,138.34751647371402,0.17398258
1154,11.54,145.26446611578444,0.28425163
1155,11.55,150.29161068238554,0.59244174
1156,11.56,153.70853359927352,0.5546671
1157,11.57,155.53679903403236,0.74458915
1158,11.58,157.7466023920802,0.6316573
1159,11.59,160.35650899197432,0.38550314
1160,11.6,163.19846229125852,0.15234481
1161,11.61,282.23147824987984,0.20211706
1162,11.62,278.1269938035124,0.3175412
1163,11.63,276.1213605381337,0.3838139
1164,11.64,274.54499089292494,0.12905233
1165,11.65,1194.4570017551864,0.040661283
1166,11.66,220.66463644156656,0.058816798
1167,11.67,217.29756657241637,0.48953882
1168,11.68,220.60487135713515,0.3415667
1169,11.69,229.82412053330853,0.22827677
1170,11.7,111.41885919533124,0.07753241
1171,11.71,169.69582418664038,0.29386094
1172,11.72,171.2934677175756,0.67191154
1173,11.73,169.1797604471479,0.83404547
1174,11.74,167.8348157174514,0.8878334
1175,11.75,166.9211928830504,0.91874593
1176,11.76,165.54866708510633,0.9538599
1177,11.77,164.72329832247254,0.95012057
1178,11.78,163.2090665949686,0.8680623
1179,11.79,159.22326994323268,0.73986
1180,11.8,158.4403189835426,0.745418
1181,11.81,163.60180413915697,0.6939322
1182,11.82,164.8961907689935,0.8600477
1183,11.83,164.60837610312132,0.89043695
1184,11.84,162.9627894263915,0.9092953
1185,11.85,161.93980755014928,0.9370774
1186,11.86,160.83073042580853,0.9330573
1187,11.87,160.1324812505274,0.95144176
1188,11.88,159.7492241419006,0.94675964
1189,11.89,158.77255697425608,0.91133845
1190,11.9,156.86454022955058,0.90638775
1191,11.91,155.46056253047922,0.9156916
1192,11.92,154.33679624408168,0.8023319
1193,11.93,153.51806681085935,0.3150323
1194,11.94,292.3738850953108,0.08880567
1195,11.95,282.60196942978075,0.13489287
1196,11.96,277.1497445669943,0.4630004
1197,11.97,276.39051149936233,0.38506788
1198,11.98,270.2961130970908,0.2347568
1199,11.99,226.43800694921208,0.28617445
1200,12.0,181.2496994870632,0.47901845
1201,12.01,173.39351264096769,0.4370616
1202,12.02,167.86106885434876,0.5628604
1203,12.03,165.12556982504356,0.7053565
1204,12.04,162.1876015040056,0.7092089
1205,12.05,157.29046827899833,0.69895893
1206,12.06,153.34712663614175,0.62565094
1207,12.07,149.51806960024328,0.78749996
1208,12.08,149.65142133846962,0.89208174
1209,12.09,150.50299929355114,0.91325575
1210,12.1,150.39835934027516,0.82755405
1211,12.11,147.88103108654246,0.67550486
1212,12.12,144.23338999247102,0.37356174
1213,12.13,274.9021957280997,0.38148025
1214,12.14,272.08856526865384,0.41172895
1215,12.15,32.25551799387666,0.08704511
1216,12.16,32.39368989922998,0.003297178
1217,12.17,169.4295201203584,0.2565518
1218,12.18,165.96759097493072,0.63121533
1219,12.19,162.139173848302,0.5981614
1220,12.2,158.92114470849924,0.6403401
1221,12.21,156.45027963947442,0.7343445
1222,12.22,154.11070362470937,0.6779103
1223,12.23,148.9441844760267,0.54502803
1224,12.24,147.37011139849312,0.59869653
1225,12.25,147.35367219268903,0.45918626
1226,12.26,150.90582955998227,0.25359416
1227,12.27,161.27862276914644,0.04621172
1228,12.28,243.86040369279067,0.028416608
1229,12.29,221.12984606858717,0.17731482
1230,12.3,167.74327159333575,0.48212698
1231,12.31,165.8467432217846,0.654238
1232,12.32,165.51837745209605,0.8129595
1233,12.33,165.66322472865318,0.92733157
1234,12.34,165.77441757140008,0.96584684
1235,12.35,165.6544471208942,0.966443
1236,12.36,165.24989642679085,0.95699465
1237,12.37,163.89757150351014,0.9178074
1238,12.38,160.7917654088033,0.8318552
1239,12.39,156.88310357622146,0.87490267
1240,12.4,154.18547227405614,0.8294495
1241,12.41,150.9879860012872,0.65817547
1242,12.42,141.33638677958652,0.4176284
1243,12.43,135.0334675981852,0.44781858
1244,12.44,132.49976859222716,0.28068978
1245,12.45,326.0008166176169,0.14534438
1246,12.46,327.3057923149498,0.18751463
1247,12.47,111.8849296537285,0.4338418
1248,12.48,111.35290105654644,0.41782686
1249,12.49,334.2748361306531,0.13458307
1250,12.5,35.520996792584285,0.08746822
1251,12.51,81.33944068703562,0.338537
1252,12.52,81.43105464059553,0.43718314
1253,12.53,163.62642751943088,0.4066115
1254,12.54,165.49990986152403,0.59964114
1255,12.55,170.23504496919261,0.5219984
1256,12.56,177.12649571272138,0.7369278
1257,12.57,178.6253242765752,0.9053408
1258,12.58,178.57216033274042,0.91017634
1259,12.59,177.17256133574375,0.9467902
1260,12.6,176.1096291376753,0.92274636
1261,12.61,176.6844335052196,0.82697344
1262,12.62,179.41921704492384,0.7290551
1263,12.63,180.39358001008853,0.5256475
1264,12.64,177.75448336196513,0.1751916
1265,12.65,670.2813678202746,0.044611607
1266,12.66,664.3909700496198,0.22598526
1267,12.67,664.8902659196187,0.013466147
1268,12.68,330.6757735419762,0.16784278
1269,12.69,322.3470844415971,0.12765016
1270,12.7,578.2085489529848,0.2688445
1271,12.71,228.9870475517695,0.28655148
1272,12.72,195.73288173469055,0.3968926
1273,12.73,179.24892965679206,0.48510632
1274,12.74,173.60213618803587,0.41264403
1275,12.75,168.61860480614084,0.5224549
1276,12.76,165.93054259859667,0.7078432
1277,12.77,159.14448434939916,0.7060492
1278,12.78,154.20251016085288,0.6769978
1279,12.79,151.07100409175,0.781521
1280,12.8,151.4754598780088,0.7847513
1281,12.81,155.01625829320363,0.85331666
1282,12.82,155.80523506446838,0.9423261
1283,12.83,155.52352660475785,0.9352828
1284,12.84,154.79897989071367,0.9375213
1285,12.85,153.5906003844442,0.914249
1286,12.86,152.04705606900325,0.9126009
1287,12.87,150.89606224063755,0.92624265
1288,12.88,150.38163684301534,0.93952996
1289,12.89,150.77882275839175,0.9253282
1290,12.9,152.09208131010695,0.88011783
1291,12.91,153.5182873629443,0.88918114
1292,12.92,153.76305243398153,0.91294616
1293,12.93,152.7163828424432,0.9175416
1294,12.94,150.5631307352223,0.9075989
1295,12.95,148.7083262460326,0.9244951
1296,12.96,147.80553765291714,0.96000373
1297,12.97,147.84361731840596,0.948557
1298,12.98,148.3932828332943,0.8259128
1299,12.99,149.21848142858488,0.64120454
1300,13.0,153.81011125348547,0.5930294
1301,13.01,184.23470991447059,0.08980117
1302,13.02,183.01156578877402,0.32194275
1303,13.03,185.7483519558677,0.5176178
1304,13.04,181.00213495278555,0.33470145
1305,13.05,160.3622257812066,0.521543
1306,13.06,158.74024895433604,0.67127824
1307,13.07,157.21668853264066,0.84757596
1308,13.08,156.53886727176652,0.94254917
1309,13.09,155.69480530689975,0.9604801
1310,13.1,154.7367764929997,0.93742555
1311,13.11,152.3617161823353,0.8939538
1312,13.12,149.60405081884528,0.90808356
1313,13.13,147.23979247166028,0.9363282
1314,13.14,145.25199161814788,0.91878605
1315,13.15,143.65003530793715,0.7856909
1316,13.16,141.1960876804017,0.5939426
1317,13.17,136.71869338007787,0.231707
1318,13.18,39.36344988482639,0.042004727
1319,13.19,39.12881647643013,0.11138975
1320,13.2,149.0571987271262,0.11155805
1321,13.21,156.03808778089422,0.60090655
1322,13.22,157.9657246198013,0.87432575
1323,13.23,159.11607815252876,0.88970745
1324,13.24,160.11489243561087,0.9300562
1325,13.25,158.62113351919828,0.85790867
1326,13.26,155.4168531202782,0.9135661
1327,13.27,154.05290354483623,0.9426214
1328,13.28,151.68746047059776,0.84480524
1329,13.29,146.92382111706823,0.7701041
1330,13.3,142.95460839941444,0.8358448
1331,13.31,140.6174778069661,0.8247244
1332,13.32,140.27123698433724,0.57182217
1333,13.33,36.46830983945158,0.25082725
1334,13.34,36.314833419086014,0.06558917
1335,13.35,62.18022204421597,0.08315202
1336,13.36,133.67853889754235,0.10161517
1337,13.37,33.18723753293264,0.015901718
1338,13.38,37.618999577478036,0.04655752
1339,13.39,38.55671702211926,0.27917048
1340,13.4,38.95897932006382,0.02938644
1341,13.41,95.9417297468565,0.6056608
1342,13.42,96.17843946505485,0.41414055
1343,13.43,96.61744136915937,0.13831438
1344,13.44,36.30457286241769,0.21303304
1345,13.45,58.29760363757357,0.11973823
1346,13.46,39.599170253394355,0.08043221
1347,13.47,54.42087215667995,0.040918093
1348,13.48,174.69111348274333,0.0659563
1349,13.49,175.47359510201534,0.06997445
1350,13.5,183.4571356685635,0.059250098
1351,13.51,976.5682140583378,0.037882265
1352,13.52,1933.4848903983586,0.030116303
1353,13.53,1928.3014052444607,0.050681386
1354,13.54,1929.7318451511671,0.05187248
1355,13.55,1936.7360535416742,0.08448266
1356,13.56,1942.3711514756105,0.052384984
1357,13.57,1966.1432586450258,0.02240732
1358,13.58,1033.1866059233748,0.011798568
1359,13.59,648.7320206308102,0.036889773
1360,13.6,588.2647454631003,0.14904587
1361,13.61,32.51461798198443,0.1259295
1362,13.62,219.32666853182536,0.15102074
1363,13.63,181.90330721516023,0.6826355
1364,13.64,175.4927082475389,0.51890093
1365,13.65,172.04389871747307,0.4124468
1366,13.66,165.41921887270686,0.51512146
1367,13.67,160.02353859335645,0.5599351
1368,13.68,155.07902665400763,0.7098725
1369,13.69,147.31675728778265,0.5616992
1370,13.7,143.98306588214757,0.8003659
1371,13.71,142.03992485344324,0.5955423
1372,13.72,140.95804098845866,0.30984262
1373,13.73,254.2848259198965,0.17041531
1374,13.74,257.12263072907007,0.23756525
1375,13.75,263.11249081190863,0.5336162
1376,13.76,266.02934606877426,0.37711975
1377,13.77,32.95539855482171,0.643681
1378,13.78,32.76062567028578,0.48050928
1379,13.79,32.556694886316166,0.49683052
1380,13.8,261.2733465282532,0.077552326
1381,13.81,168.1882901297305,0.15471761
1382,13.82,140.24617442074276,0.31364405
1383,13.83,147.45002208539145,0.09388317
1384,13.84,155.87241974434542,0.10085804
1385,13.85,158.69160376556246,0.14138083
1386,13.86,32.00821597400968,0.186241
1387,13.87,275.0084400432198,0.15510075
1388,13.88,34.73869591816819,0.30415034
1389,13.89,34.97811912338647,0.36354792
1390,13.9,272.78317316201156,0.14893845
1391,13.91,273.2152376789114,0.16966681
1392,13.92,68.70548479361209,0.08853848
1393,13.93,219.47583794791143,0.14076723
1394,13.94,217.97771366002425,0.21065749
1395,13.95,55.248723183739614,0.033617493
1396,13.96,278.6745998443931,0.14161828
1397,13.97,279.6016318505166,0.045109756
1398,13.98,296.93273600108586,0.33993414
1399,13.99,1184.2230144853713,0.036320448
1400,14.0,713.8922020348076,0.03228224
1401,14.01,541.0885071760289,0.13452727
1402,14.02,547.1255182978961,0.14131773
1403,14.03,547.1255182978961,0.14131773
1404,14.04,547.1255182978961,0.14131773
1405,14.05,547.1255182978961,0.14131773
1406,14.06,547.1255182978961,0.14131773
1407,14.07,547.1255182978961,0.14131773
1408,14.08,547.1255182978961,0.14131773
1409,14.09,547.1255182978961,0.14131773
1410,14.1,547.1255182978961,0.14131773
1411,14.11,547.1255182978961,0.14131773
1412,14.12,547.1255182978961,0.14131773
1413,14.13,547.1255182978961,0.14131773
1414,14.14,547.1255182978961,0.14131773
1415,14.15,547.1255182978961,0.14131773
1416,14.16,547.1255182978961,0.14131773
1417,14.17,547.1255182978961,0.14131773
1418,14.18,547.1255182978961,0.14131773
1419,14.19,547.1255182978961,0.14131773
1420,14.2,547.1255182978961,0.14131773
1421,14.21,547.1255182978961,0.14131773
1422,14.22,547.1255182978961,0.14131773
1423,14.23,547.1255182978961,0.14131773
1424,14.24,547.1255182978961,0.14131773
1425,14.25,547.1255182978961,0.14131773
1426,14.26,547.1255182978961,0.14131773
1427,14.27,547.1255182978961,0.14131773
1428,14.28,547.1255182978961,0.14131773
1429,14.29,547.1255182978961,0.14131773
1430,14.3,547.1255182978961,0.14131773
1431,14.31,547.1255182978961,0.14131773
1432,14.32,547.1255182978961,0.14131773
1433,14.33,547.1255182978961,0.14131773
1434,14.34,547.1255182978961,0.14131773
1435,14.35,547.1255182978961,0.14131773
1436,14.36,547.1255182978961,0.14131773
1437,14.37,547.1255182978961,0.14131773
1438,14.38,547.1255182978961,0.14131773
1439,14.39,547.1255182978961,0.14131773
1440,14.4,547.1255182978961,0.14131773
1441,14.41,547.1255182978961,0.14131773
1442,14.42,547.1255182978961,0.14131773
1443,14.43,547.1255182978961,0.14131773
1444,14.44,547.1255182978961,0.14131773
1445,14.45,547.1255182978961,0.14131773
1446,14.46,547.1255182978961,0.14131773
1447,14.47,547.1255182978961,0.14131773
1448,14.48,547.1255182978961,0.14131773
1449,14.49,547.1255182978961,0.14131773
1450,14.5,547.1255182978961,0.14131773
1451,14.51,547.1255182978961,0.14131773
1452,14.52,547.1255182978961,0.14131773
1453,14.53,547.1255182978961,0.14131773
1454,14.54,547.1255182978961,0.14131773
1455,14.55,547.1255182978961,0.14131773
1456,14.56,547.1255182978961,0.14131773
1457,14.57,547.1255182978961,0.14131773
1458,14.58,547.1255182978961,0.14131773
1459,14.59,547.1255182978961,0.14131773
1460,14.6,547.1255182978961,0.14131773
1461,14.61,547.1255182978961,0.14131773
1462,14.62,547.1255182978961,0.14131773
1463,14.63,547.1255182978961,0.14131773
1464,14.64,547.1255182978961,0.14131773
1465,14.65,547.1255182978961,0.14131773
1466,14.66,547.1255182978961,0.14131773
1467,14.67,547.1255182978961,0.14131773
1468,14.68,547.1255182978961,0.14131773
1469,14.69,547.1255182978961,0.14131773
1470,14.7,547.1255182978961,0.14131773
1471,14.71,547.1255182978961,0.14131773
1472,14.72,547.1254771248846,0.14131771
1473,14.73,547.1254771248846,0.14131771
1474,14.74,547.1254771248846,0.14131771
